{
	"ambient_light": 1,
	"bed_works": false,
	"coordinate_scale": 1,
	"fixed_time": 3000,
	"effects": "minecraft:the_nether",
	"has_ceiling": true,
	"has_raids": false,
	"has_skylight": false,
	"height": 384,
	"infiniburn": "#minecraft:infiniburn_overworld",
	"logical_height": 384,
	"min_y": -64,
	"monster_spawn_block_light_limit": 0,
	"monster_spawn_light_level": {
		"type": "minecraft:uniform",
		"max_inclusive": 7,
		"min_inclusive": 0
	},
	"natural": true,
	"piglin_safe": false,
	"respawn_anchor_works": false,
	"ultrawarm": false
}