{
    "display": {
        "icon": {
            "id": "minecraft:player_head",
            "components": {
                "minecraft:profile": {
                    "id": [
                        -1440403007,
                        -1459011102,
                        -1685070041,
                        -1703686494
                    ]
                }
            }
        },
        "title": "JFrostie",
        "description": "",
        "frame": "goal",
        "show_toast": false,
        "announce_to_chat": false
    },
    "parent": "wander:betatesters",
    "criteria": {
        "a": {
            "trigger": "minecraft:tick"
        }
    },
    "requirements": [
        [
            "a"
        ]
    ]
}