{
    "display": {
        "icon": {
            "id": "minecraft:player_head",
            "components": {
                "minecraft:profile": {
                    "id": [
                        98115521,
                        149638775,
                        -1370594070,
                        383472167
                    ]
                }
            }
        },
        "title": "Ryanskull",
        "description": "",
        "frame": "goal",
        "show_toast": false,
        "announce_to_chat": false
    },
    "parent": "wander:betatesters",
    "criteria": {
        "a": {
            "trigger": "minecraft:tick"
        }
    },
    "requirements": [
        [
            "a"
        ]
    ]
}