{
    "type": "minecraft:crafting_shaped",
    "category": "equipment",
    "pattern": [
        "   ",
        " l ",
        "cwc"
    ],
    "key": {
        "l": "minecraft:lead",
        "c": "minecraft:raw_copper",
        "w": "#minecraft:wool"
    },
    "result": {
        "id": "minecraft:beetroot_soup",
        "components": {
            "minecraft:food": {
                "nutrition": 0,
                "saturation": 0,
                "can_always_eat": true
            },
            "minecraft:item_model": "wander:milk_crate",
            "minecraft:custom_data": {
                "crate": true,
                "bottles": 0
            },
            "minecraft:custom_name": {
                "text": "Milktail Crate",
                "italic": false
            },
            "minecraft:rarity": "rare",
            "minecraft:max_stack_size": 1,
            "minecraft:lore": [
                {
                    "text": "Drop Molotov with crate in offhand",
                    "italic": false
                },
                {
                    "text": "Shift right click to throw entire crate",
                    "italic": false
                }
            ],
            "minecraft:consumable": {
                "consume_seconds": 1000000
            }
        },
        "count": 1
    }
}