{
    "type": "minecraft:crafting_shapeless",
    "ingredients": [
        "minecraft:glass_bottle",
        "#minecraft:wool_carpets",
        "minecraft:tnt",
        "minecraft:milk_bucket"
    ],
    "result": {
        "id": "minecraft:beetroot_soup",
        "components": {
            "minecraft:food": {
                "nutrition": 0,
                "saturation": 0,
                "can_always_eat": true
            },
            "minecraft:item_model": "wander:molotov_milktail",
            "minecraft:custom_data": {
                "milk": true
            },
            "minecraft:custom_name": {
                "text": "Molotov Milktail",
                "italic": false
            },
            "minecraft:rarity": "rare",
            "minecraft:max_stack_size": 16,
            "minecraft:consumable": {
                "consume_seconds": 1000000
            }
        },
        "count": 1
    }
}