{
    "display": {
        "icon": {
            "id": "minecraft:player_head",
            "components": {
                "minecraft:profile": {
                    "id": [
                        1198777570,
                        -1284554028,
                        -1363325978,
                        -1685634818
                    ]
                }
            }
        },
        "title": "Nangineer",
        "description": {
            "text": "Musician"
        },
        "frame": "goal",
        "show_toast": false,
        "announce_to_chat": false
    },
    "parent": "wander:additional",
    "criteria": {
        "a": {
            "trigger": "minecraft:tick"
        }
    },
    "requirements": [
        [
            "a"
        ]
    ]
}