{
    "display": {
        "icon": {
            "id": "minecraft:player_head",
            "components": {
                "minecraft:profile": {
                    "id": [
                        129243360,
                        -949596461,
                        -1959836084,
                        -890518407
                    ]
                }
            }
        },
        "title": "Noxturnal",
        "description": {
            "text": "Protein Powder Modeler"
        },
        "frame": "goal",
        "show_toast": false,
        "announce_to_chat": false
    },
    "parent": "wander:additional",
    "criteria": {
        "a": {
            "trigger": "minecraft:tick"
        }
    },
    "requirements": [
        [
            "a"
        ]
    ]
}