{
    "display": {
        "icon": {
            "id": "minecraft:player_head",
            "components": {
                "minecraft:profile": {
                    "id": [
                        1676846984,
                        -298760938,
                        -1243345894,
                        -1823701043
                    ]
                }
            }
        },
        "title": "SidedNewt",
        "description": {
            "text": "Whey"
        },
        "frame": "goal",
        "show_toast": false,
        "announce_to_chat": false
    },
    "parent": "wander:additional",
    "criteria": {
        "a": {
            "trigger": "minecraft:tick"
        }
    },
    "requirements": [
        [
            "a"
        ]
    ]
}