{
    "display": {
        "icon": {
            "id": "minecraft:netherite_sword",
            "components": {
                "minecraft:item_model": "wander:hugeasssword"
            },
            "count": 1
        },
        "title": "The Terror Defeated",
        "description": "Kill the Wandering Murderer even if he just drinks invisibility!",
        "frame": "challenge",
        "show_toast": true,
        "announce_to_chat": true
    },
    "parent": "minecraft:adventure/kill_a_mob",
    "criteria": {
        "a": {
            "trigger": "minecraft:impossible"
        }
    },
    "requirements": [
        [
            "a"
        ]
    ],
    "rewards": {
        "experience": 50
    }
}