{
    "condition": "minecraft:any_of",
    "terms": [
        {
            "condition": "minecraft:entity_properties",
            "entity": "this",
            "predicate": {
                "flags": {
                    "is_sneaking": true
                },
                "equipment": {
                    "offhand": {
                        "components": {
                            "minecraft:custom_data": {
                                "crate": true,
                                "bottles": 0
                            }
                        }
                    }
                }
            }
        },
        {
            "condition": "minecraft:entity_properties",
            "entity": "this",
            "predicate": {
                "flags": {
                    "is_sneaking": true
                },
                "equipment": {
                    "offhand": {
                        "components": {
                            "minecraft:custom_data": {
                                "crate": true,
                                "bottles": 1
                            }
                        }
                    }
                }
            }
        },
        {
            "condition": "minecraft:entity_properties",
            "entity": "this",
            "predicate": {
                "flags": {
                    "is_sneaking": true
                },
                "equipment": {
                    "offhand": {
                        "components": {
                            "minecraft:custom_data": {
                                "crate": true,
                                "bottles": 2
                            }
                        }
                    }
                }
            }
        },
        {
            "condition": "minecraft:entity_properties",
            "entity": "this",
            "predicate": {
                "flags": {
                    "is_sneaking": true
                },
                "equipment": {
                    "offhand": {
                        "components": {
                            "minecraft:custom_data": {
                                "crate": true,
                                "bottles": 3
                            }
                        }
                    }
                }
            }
        },
        {
            "condition": "minecraft:entity_properties",
            "entity": "this",
            "predicate": {
                "flags": {
                    "is_sneaking": true
                },
                "equipment": {
                    "offhand": {
                        "components": {
                            "minecraft:custom_data": {
                                "crate": true,
                                "bottles": 4
                            }
                        }
                    }
                }
            }
        }
    ]
}