{
    "display": {
        "icon": {
            "id": "minecraft:player_head",
            "components": {
                "minecraft:profile": {
                    "id": [
                        139050071,
                        1298612555,
                        -1552828644,
                        1172318740
                    ]
                }
            }
        },
        "title": "Stevelocks",
        "description": {
            "text": "Main Coder\nModeller\nAnimator"
        },
        "frame": "goal",
        "show_toast": false,
        "announce_to_chat": false
    },
    "parent": "wander:developers",
    "criteria": {
        "a": {
            "trigger": "minecraft:tick"
        }
    },
    "requirements": [
        [
            "a"
        ]
    ]
}