{
    "condition": "minecraft:all_of",
    "terms": [
        {
            "condition": "minecraft:location_check",
            "offsetY": 0,
            "predicate": {
                "block": {
                    "blocks": "#wander:motion_ish"
                }
            }
        },
        {
            "condition": "minecraft:location_check",
            "offsetY": 1,
            "predicate": {
                "block": {
                    "blocks": "air"
                }
            }
        },
        {
            "condition": "minecraft:location_check",
            "offsetY": 2,
            "predicate": {
                "block": {
                    "blocks": "air"
                }
            }
        }
    ]
}