{
    "condition": "minecraft:any_of",
    "terms": [
        {
            "condition": "minecraft:inverted",
            "term": {
                "condition": "minecraft:location_check",
                "offsetX": 1,
                "predicate": {
                    "block": {
                        "blocks": "#wander:motion_ish"
                    }
                }
            }
        },
        {
            "condition": "minecraft:inverted",
            "term": {
                "condition": "minecraft:location_check",
                "offsetX": -1,
                "predicate": {
                    "block": {
                        "blocks": "#wander:motion_ish"
                    }
                }
            }
        },
        {
            "condition": "minecraft:inverted",
            "term": {
                "condition": "minecraft:location_check",
                "offsetZ": 1,
                "predicate": {
                    "block": {
                        "blocks": "#wander:motion_ish"
                    }
                }
            }
        },
        {
            "condition": "minecraft:inverted",
            "term": {
                "condition": "minecraft:location_check",
                "offsetZ": -1,
                "predicate": {
                    "block": {
                        "blocks": "#wander:motion_ish"
                    }
                }
            }
        }
    ]
}