{
    "condition": "minecraft:entity_scores",
    "entity": "this",
    "scores": {
        "wander.temp": {
            "min": {
                "type": "minecraft:score",
                "target": {
                    "type": "minecraft:fixed",
                    "name": "lowest_min"
                },
                "score": "wander.temp",
                "scale": 1
            },
            "max": {
                "type": "minecraft:score",
                "target": {
                    "type": "minecraft:fixed",
                    "name": "lowest_max"
                },
                "score": "wander.temp",
                "scale": 1
            }
        }
    }
}