{"type":"command","pools":[{"rolls":1,"entries":[{"type":"alternatives","children":[{"type":"alternatives","conditions":[{"condition":"location_check","predicate":{"block":{"state":{"flower_amount":{"max":"2"}}}}}],"children":[{"type":"loot_table","value":"blockstate:037","conditions":[{"condition":"location_check","predicate":{"block":{"state":{"flower_amount":"1"}}}}],"functions":[{"function":"set_custom_data","tag":"{Properties:{flower_amount:'1'}}"}]},{"type":"loot_table","value":"blockstate:037","functions":[{"function":"set_custom_data","tag":"{Properties:{flower_amount:'2'}}"}]}]},{"type":"alternatives","children":[{"type":"loot_table","value":"blockstate:037","conditions":[{"condition":"location_check","predicate":{"block":{"state":{"flower_amount":"3"}}}}],"functions":[{"function":"set_custom_data","tag":"{Properties:{flower_amount:'3'}}"}]},{"type":"loot_table","value":"blockstate:037","functions":[{"function":"set_custom_data","tag":"{Properties:{flower_amount:'4'}}"}]}]}]}]}]}