{"type":"command","pools":[{"rolls":1,"entries":[{"type":"alternatives","children":[{"type":"alternatives","conditions":[{"condition":"location_check","predicate":{"block":{"state":{"rotation":{"max":"7"}}}}}],"children":[{"type":"alternatives","conditions":[{"condition":"location_check","predicate":{"block":{"state":{"rotation":{"max":"3"}}}}}],"children":[{"type":"alternatives","conditions":[{"condition":"location_check","predicate":{"block":{"state":{"rotation":{"max":"1"}}}}}],"children":[{"type":"loot_table","value":"blockstate:061","conditions":[{"condition":"location_check","predicate":{"block":{"state":{"rotation":"0"}}}}],"functions":[{"function":"set_custom_data","tag":"{Properties:{rotation:'0'}}"}]},{"type":"loot_table","value":"blockstate:061","functions":[{"function":"set_custom_data","tag":"{Properties:{rotation:'1'}}"}]}]},{"type":"alternatives","children":[{"type":"loot_table","value":"blockstate:061","conditions":[{"condition":"location_check","predicate":{"block":{"state":{"rotation":"2"}}}}],"functions":[{"function":"set_custom_data","tag":"{Properties:{rotation:'2'}}"}]},{"type":"loot_table","value":"blockstate:061","functions":[{"function":"set_custom_data","tag":"{Properties:{rotation:'3'}}"}]}]}]},{"type":"alternatives","children":[{"type":"alternatives","conditions":[{"condition":"location_check","predicate":{"block":{"state":{"rotation":{"max":"5"}}}}}],"children":[{"type":"loot_table","value":"blockstate:061","conditions":[{"condition":"location_check","predicate":{"block":{"state":{"rotation":"4"}}}}],"functions":[{"function":"set_custom_data","tag":"{Properties:{rotation:'4'}}"}]},{"type":"loot_table","value":"blockstate:061","functions":[{"function":"set_custom_data","tag":"{Properties:{rotation:'5'}}"}]}]},{"type":"alternatives","children":[{"type":"loot_table","value":"blockstate:061","conditions":[{"condition":"location_check","predicate":{"block":{"state":{"rotation":"6"}}}}],"functions":[{"function":"set_custom_data","tag":"{Properties:{rotation:'6'}}"}]},{"type":"loot_table","value":"blockstate:061","functions":[{"function":"set_custom_data","tag":"{Properties:{rotation:'7'}}"}]}]}]}]},{"type":"alternatives","children":[{"type":"alternatives","conditions":[{"condition":"location_check","predicate":{"block":{"state":{"rotation":{"max":"11"}}}}}],"children":[{"type":"alternatives","conditions":[{"condition":"location_check","predicate":{"block":{"state":{"rotation":{"max":"9"}}}}}],"children":[{"type":"loot_table","value":"blockstate:061","conditions":[{"condition":"location_check","predicate":{"block":{"state":{"rotation":"8"}}}}],"functions":[{"function":"set_custom_data","tag":"{Properties:{rotation:'8'}}"}]},{"type":"loot_table","value":"blockstate:061","functions":[{"function":"set_custom_data","tag":"{Properties:{rotation:'9'}}"}]}]},{"type":"alternatives","children":[{"type":"loot_table","value":"blockstate:061","conditions":[{"condition":"location_check","predicate":{"block":{"state":{"rotation":"10"}}}}],"functions":[{"function":"set_custom_data","tag":"{Properties:{rotation:'10'}}"}]},{"type":"loot_table","value":"blockstate:061","functions":[{"function":"set_custom_data","tag":"{Properties:{rotation:'11'}}"}]}]}]},{"type":"alternatives","children":[{"type":"alternatives","conditions":[{"condition":"location_check","predicate":{"block":{"state":{"rotation":{"max":"13"}}}}}],"children":[{"type":"loot_table","value":"blockstate:061","conditions":[{"condition":"location_check","predicate":{"block":{"state":{"rotation":"12"}}}}],"functions":[{"function":"set_custom_data","tag":"{Properties:{rotation:'12'}}"}]},{"type":"loot_table","value":"blockstate:061","functions":[{"function":"set_custom_data","tag":"{Properties:{rotation:'13'}}"}]}]},{"type":"alternatives","children":[{"type":"loot_table","value":"blockstate:061","conditions":[{"condition":"location_check","predicate":{"block":{"state":{"rotation":"14"}}}}],"functions":[{"function":"set_custom_data","tag":"{Properties:{rotation:'14'}}"}]},{"type":"loot_table","value":"blockstate:061","functions":[{"function":"set_custom_data","tag":"{Properties:{rotation:'15'}}"}]}]}]}]}]}]}]}