{"type":"command","pools":[{"rolls":1,"entries":[{"type":"alternatives","children":[{"type":"loot_table","value":"blockstate:061","conditions":[{"condition":"location_check","predicate":{"block":{"state":{"instrument":"banjo"}}}}],"functions":[{"function":"set_custom_data","tag":"{Properties:{instrument:banjo}}"}]},{"type":"loot_table","value":"blockstate:061","conditions":[{"condition":"location_check","predicate":{"block":{"state":{"instrument":"basedrum"}}}}],"functions":[{"function":"set_custom_data","tag":"{Properties:{instrument:basedrum}}"}]},{"type":"loot_table","value":"blockstate:061","conditions":[{"condition":"location_check","predicate":{"block":{"state":{"instrument":"bass"}}}}],"functions":[{"function":"set_custom_data","tag":"{Properties:{instrument:bass}}"}]},{"type":"loot_table","value":"blockstate:061","conditions":[{"condition":"location_check","predicate":{"block":{"state":{"instrument":"bell"}}}}],"functions":[{"function":"set_custom_data","tag":"{Properties:{instrument:bell}}"}]},{"type":"loot_table","value":"blockstate:061","conditions":[{"condition":"location_check","predicate":{"block":{"state":{"instrument":"bit"}}}}],"functions":[{"function":"set_custom_data","tag":"{Properties:{instrument:bit}}"}]},{"type":"loot_table","value":"blockstate:061","conditions":[{"condition":"location_check","predicate":{"block":{"state":{"instrument":"chime"}}}}],"functions":[{"function":"set_custom_data","tag":"{Properties:{instrument:chime}}"}]},{"type":"loot_table","value":"blockstate:061","conditions":[{"condition":"location_check","predicate":{"block":{"state":{"instrument":"cow_bell"}}}}],"functions":[{"function":"set_custom_data","tag":"{Properties:{instrument:cow_bell}}"}]},{"type":"loot_table","value":"blockstate:061","conditions":[{"condition":"location_check","predicate":{"block":{"state":{"instrument":"creeper"}}}}],"functions":[{"function":"set_custom_data","tag":"{Properties:{instrument:creeper}}"}]},{"type":"loot_table","value":"blockstate:061","conditions":[{"condition":"location_check","predicate":{"block":{"state":{"instrument":"custom_head"}}}}],"functions":[{"function":"set_custom_data","tag":"{Properties:{instrument:custom_head}}"}]},{"type":"loot_table","value":"blockstate:061","conditions":[{"condition":"location_check","predicate":{"block":{"state":{"instrument":"didgeridoo"}}}}],"functions":[{"function":"set_custom_data","tag":"{Properties:{instrument:didgeridoo}}"}]},{"type":"loot_table","value":"blockstate:061","conditions":[{"condition":"location_check","predicate":{"block":{"state":{"instrument":"dragon"}}}}],"functions":[{"function":"set_custom_data","tag":"{Properties:{instrument:dragon}}"}]},{"type":"loot_table","value":"blockstate:061","conditions":[{"condition":"location_check","predicate":{"block":{"state":{"instrument":"flute"}}}}],"functions":[{"function":"set_custom_data","tag":"{Properties:{instrument:flute}}"}]},{"type":"loot_table","value":"blockstate:061","conditions":[{"condition":"location_check","predicate":{"block":{"state":{"instrument":"guitar"}}}}],"functions":[{"function":"set_custom_data","tag":"{Properties:{instrument:guitar}}"}]},{"type":"loot_table","value":"blockstate:061","conditions":[{"condition":"location_check","predicate":{"block":{"state":{"instrument":"harp"}}}}],"functions":[{"function":"set_custom_data","tag":"{Properties:{instrument:harp}}"}]},{"type":"loot_table","value":"blockstate:061","conditions":[{"condition":"location_check","predicate":{"block":{"state":{"instrument":"hat"}}}}],"functions":[{"function":"set_custom_data","tag":"{Properties:{instrument:hat}}"}]},{"type":"loot_table","value":"blockstate:061","conditions":[{"condition":"location_check","predicate":{"block":{"state":{"instrument":"iron_xylophone"}}}}],"functions":[{"function":"set_custom_data","tag":"{Properties:{instrument:iron_xylophone}}"}]},{"type":"loot_table","value":"blockstate:061","conditions":[{"condition":"location_check","predicate":{"block":{"state":{"instrument":"piglin"}}}}],"functions":[{"function":"set_custom_data","tag":"{Properties:{instrument:piglin}}"}]},{"type":"loot_table","value":"blockstate:061","conditions":[{"condition":"location_check","predicate":{"block":{"state":{"instrument":"pling"}}}}],"functions":[{"function":"set_custom_data","tag":"{Properties:{instrument:pling}}"}]},{"type":"loot_table","value":"blockstate:061","conditions":[{"condition":"location_check","predicate":{"block":{"state":{"instrument":"skeleton"}}}}],"functions":[{"function":"set_custom_data","tag":"{Properties:{instrument:skeleton}}"}]},{"type":"loot_table","value":"blockstate:061","conditions":[{"condition":"location_check","predicate":{"block":{"state":{"instrument":"snare"}}}}],"functions":[{"function":"set_custom_data","tag":"{Properties:{instrument:snare}}"}]},{"type":"loot_table","value":"blockstate:061","conditions":[{"condition":"location_check","predicate":{"block":{"state":{"instrument":"wither_skeleton"}}}}],"functions":[{"function":"set_custom_data","tag":"{Properties:{instrument:wither_skeleton}}"}]},{"type":"loot_table","value":"blockstate:061","conditions":[{"condition":"location_check","predicate":{"block":{"state":{"instrument":"xylophone"}}}}],"functions":[{"function":"set_custom_data","tag":"{Properties:{instrument:xylophone}}"}]},{"type":"loot_table","value":"blockstate:061","functions":[{"function":"set_custom_data","tag":"{Properties:{instrument:zombie}}"}]}]}]}]}