{"type":"command","pools":[{"rolls":1,"entries":[{"type":"alternatives","children":[{"type":"loot_table","value":"blockstate:070","conditions":[{"condition":"location_check","predicate":{"block":{"state":{"east":"none"}}}}],"functions":[{"function":"set_custom_data","tag":"{Properties:{east:none}}"}]},{"type":"loot_table","value":"blockstate:070","conditions":[{"condition":"location_check","predicate":{"block":{"state":{"east":"side"}}}}],"functions":[{"function":"set_custom_data","tag":"{Properties:{east:side}}"}]},{"type":"loot_table","value":"blockstate:070","functions":[{"function":"set_custom_data","tag":"{Properties:{east:up}}"}]}]}]}]}