{"type":"command","pools":[{"rolls":1,"entries":[{"type":"alternatives","children":[{"type":"loot_table","value":"blockstate:071","conditions":[{"condition":"location_check","predicate":{"block":{"state":{"north":"none"}}}}],"functions":[{"function":"set_custom_data","tag":"{Properties:{north:none}}"}]},{"type":"loot_table","value":"blockstate:071","conditions":[{"condition":"location_check","predicate":{"block":{"state":{"north":"side"}}}}],"functions":[{"function":"set_custom_data","tag":"{Properties:{north:side}}"}]},{"type":"loot_table","value":"blockstate:071","functions":[{"function":"set_custom_data","tag":"{Properties:{north:up}}"}]}]}]}]}