{"type":"command","pools":[{"rolls":1,"entries":[{"type":"alternatives","children":[{"type":"loot_table","value":"blockstate:083","conditions":[{"condition":"location_check","predicate":{"block":{"state":{"creaking_heart_state":"awake"}}}}],"functions":[{"function":"set_custom_data","tag":"{Properties:{creaking_heart_state:awake}}"}]},{"type":"loot_table","value":"blockstate:083","conditions":[{"condition":"location_check","predicate":{"block":{"state":{"creaking_heart_state":"dormant"}}}}],"functions":[{"function":"set_custom_data","tag":"{Properties:{creaking_heart_state:dormant}}"}]},{"type":"loot_table","value":"blockstate:083","functions":[{"function":"set_custom_data","tag":"{Properties:{creaking_heart_state:uprooted}}"}]}]}]}]}