{"type":"command","pools":[{"rolls":1,"entries":[{"type":"alternatives","children":[{"type":"loot_table","value":"blockstate:100","conditions":[{"condition":"location_check","predicate":{"block":{"state":{"east":"low"}}}}],"functions":[{"function":"set_custom_data","tag":"{Properties:{east:low}}"}]},{"type":"loot_table","value":"blockstate:100","conditions":[{"condition":"location_check","predicate":{"block":{"state":{"east":"none"}}}}],"functions":[{"function":"set_custom_data","tag":"{Properties:{east:none}}"}]},{"type":"loot_table","value":"blockstate:100","functions":[{"function":"set_custom_data","tag":"{Properties:{east:tall}}"}]}]}]}]}