{"type":"command","pools":[{"rolls":1,"entries":[{"type":"alternatives","children":[{"type":"loot_table","value":"blockstate:101","conditions":[{"condition":"location_check","predicate":{"block":{"state":{"north":"low"}}}}],"functions":[{"function":"set_custom_data","tag":"{Properties:{north:low}}"}]},{"type":"loot_table","value":"blockstate:101","conditions":[{"condition":"location_check","predicate":{"block":{"state":{"north":"none"}}}}],"functions":[{"function":"set_custom_data","tag":"{Properties:{north:none}}"}]},{"type":"loot_table","value":"blockstate:101","functions":[{"function":"set_custom_data","tag":"{Properties:{north:tall}}"}]}]}]}]}