{"type":"command","pools":[{"rolls":1,"entries":[{"type":"alternatives","children":[{"type":"loot_table","value":"blockstate:102","conditions":[{"condition":"location_check","predicate":{"block":{"state":{"south":"low"}}}}],"functions":[{"function":"set_custom_data","tag":"{Properties:{south:low}}"}]},{"type":"loot_table","value":"blockstate:102","conditions":[{"condition":"location_check","predicate":{"block":{"state":{"south":"none"}}}}],"functions":[{"function":"set_custom_data","tag":"{Properties:{south:none}}"}]},{"type":"loot_table","value":"blockstate:102","functions":[{"function":"set_custom_data","tag":"{Properties:{south:tall}}"}]}]}]}]}